学期,GPA,总学分
2021—2022学年(秋)第一学期,3.248214285714286,28.0
2021—2022学年(春)第二学期,3.608771929824561,28.5
2022—2023学年(秋)第一学期,3.711538461538462,26.0
2022—2023学年(春)第二学期,3.6509803921568627,25.5
2023—2024学年(秋)第一学期,3.78,20.0
2023—2024学年(春)第二学期,3.905882352941177,8.5
